,DTL,TAL,DCT,CNT,FIB,IMM,PT,ATL,IC,PC
0,{'reference': 1.0},{'altered': 1.0},{'reference': 1.0},{'reference': 1.0},{'reference': 1.0},{'reference': 1.0},,,,
1,{'reference': 1.0},,,,{'reference': 1.0},{'reference': 1.0},{'reference': 1.0},{'reference': 1.0},,
2,{'reference': 1.0},,,,{'reference': 1.0},{'reference': 1.0},{'reference': 1.0},,,
3,,,,,,,{'reference': 1.0},,,
4,{'reference': 1.0},,,,{'reference': 1.0},{'reference': 1.0},{'reference': 1.0},,,
5,,,,,,{'reference': 1.0},{'reference': 1.0},,,
6,,,,,,{'reference': 1.0},{'reference': 1.0},,,
7,{'reference': 1.0},,,{'reference': 1.0},{'reference': 1.0},{'reference': 1.0},{'reference': 1.0},,,
8,{'reference': 1.0},,,,{'reference': 1.0},{'reference': 1.0},{'reference': 1.0},,,
9,{'reference': 1.0},,,,{'reference': 1.0},{'reference': 1.0},{'reference': 1.0},,,
10,{'reference': 1.0},{'altered': 1.0},{'reference': 1.0},{'reference': 1.0},{'reference': 1.0},,,,,
11,{'reference': 1.0},,,{'reference': 1.0},{'reference': 1.0},{'reference': 1.0},,,,
12,{'reference': 1.0},{'altered': 1.0},,,{'reference': 1.0},,{'reference': 1.0},,,
13,{'reference': 1.0},{'altered': 1.0},,,{'reference': 1.0},{'reference': 1.0},{'reference': 1.0},{'reference': 1.0},,
14,{'reference': 1.0},,,,{'reference': 1.0},{'reference': 1.0},{'reference': 1.0},,,
15,{'reference': 1.0},,,,{'reference': 1.0},{'reference': 1.0},,,,
16,{'reference': 1.0},,,,{'reference': 1.0},{'reference': 1.0},{'reference': 1.0},,,
17,,,,,,{'reference': 1.0},{'reference': 1.0},,,
18,{'reference': 1.0},,,,{'reference': 1.0},{'reference': 1.0},{'reference': 1.0},,,
19,,,,,,,{'reference': 1.0},,,
20,{'reference': 1.0},,,,{'reference': 1.0},{'reference': 1.0},,,,
21,{'reference': 1.0},,{'reference': 1.0},{'reference': 1.0},{'reference': 1.0},,,,{'reference': 1.0},
22,,,,,,,{'reference': 1.0},,,
23,{'reference': 1.0},,,,,,{'reference': 1.0},,,
24,{'reference': 1.0},,,,{'reference': 1.0},{'reference': 1.0},{'reference': 1.0},,,
25,{'reference': 1.0},,,,{'reference': 1.0},,{'reference': 1.0},,,
26,{'reference': 1.0},,,,{'reference': 1.0},{'reference': 1.0},,{'reference': 1.0},,
27,{'reference': 1.0},,,,{'reference': 1.0},,{'reference': 1.0},{'reference': 1.0},"{'reference': 0.09090909090909091, 'transitioning': 0.9090909090909091}",{'reference': 1.0}
28,{'reference': 1.0},,,,,,{'reference': 1.0},,,
29,{'reference': 1.0},{'altered': 1.0},{'reference': 1.0},{'reference': 1.0},{'reference': 1.0},{'reference': 1.0},,,,
30,,,,,{'reference': 1.0},,{'reference': 1.0},,,
31,{'reference': 1.0},,,,,{'reference': 1.0},{'reference': 1.0},,,
32,{'reference': 1.0},,,,{'reference': 1.0},,{'reference': 1.0},,,
33,{'reference': 1.0},,,,,,{'reference': 1.0},,,
34,{'reference': 1.0},,,,,{'reference': 1.0},{'reference': 1.0},,,
35,{'reference': 1.0},{'altered': 1.0},,,,,{'reference': 1.0},,,
36,{'reference': 1.0},,,,,,{'reference': 1.0},,,
37,{'reference': 1.0},,,,,,{'reference': 1.0},,,
38,{'reference': 1.0},,,,,,{'reference': 1.0},,,
39,{'reference': 1.0},,,,{'reference': 1.0},{'reference': 1.0},{'reference': 1.0},,,
40,{'reference': 1.0},,,,,,{'reference': 1.0},,,
41,{'reference': 1.0},,,,{'reference': 1.0},,{'reference': 1.0},,,
42,,,,{'reference': 1.0},{'reference': 1.0},,,,{'transitioning': 1.0},{'reference': 1.0}
43,{'reference': 1.0},,,,,{'reference': 1.0},{'reference': 1.0},{'reference': 1.0},,
44,{'reference': 1.0},,,,{'reference': 1.0},,,,,{'reference': 1.0}
45,,{'reference': 1.0},,,,,,,,
46,,{'altered': 1.0},,,,{'reference': 1.0},,,,
47,{'reference': 1.0},{'altered': 1.0},,,,,,{'reference': 1.0},,
48,,{'altered': 1.0},{'reference': 1.0},,{'reference': 1.0},{'reference': 1.0},,,,
49,{'reference': 1.0},,,,,{'reference': 1.0},,,,
50,{'reference': 1.0},{'altered': 1.0},,,,{'reference': 1.0},,{'reference': 1.0},,
51,,{'altered': 1.0},,,,,,{'reference': 1.0},,
52,{'reference': 1.0},{'altered': 1.0},,,,{'reference': 1.0},,{'reference': 1.0},,
53,,"{'altered': 0.5714285714285714, 'reference': 0.42857142857142855}",,,,,,,,
54,{'reference': 1.0},{'altered': 1.0},,,,,,{'reference': 1.0},,
55,,,,,{'reference': 1.0},{'reference': 1.0},,,,
56,{'reference': 1.0},{'altered': 1.0},,,,,,{'reference': 1.0},,
57,{'reference': 1.0},,,,{'reference': 1.0},,,,,
58,{'reference': 1.0},,,,,,,,,
